"day","qty","stock","holiday","rep_day"
2019-01-01,47.048,96000.6902537309,1,0
2019-01-02,44.85,96190.3616667725,1,0
2019-01-03,43.249,95910.2962666191,1,0
2019-01-04,89.13,96005.5827460252,1,0
2019-01-05,97.7640000000001,94869.2395849153,1,0
2019-01-06,107.311,96701.1310282163,1,0
2019-01-07,112.187,96770.8650897257,1,0
2019-01-08,109.647,94875.0695521943,1,0
2019-01-09,101.617,95529.4076934457,0,0
2019-01-10,94.2919999999999,96260.4502166621,0,0
2019-01-11,92.657,95502.7314517647,0,0
2019-01-12,96.822,95872.7872424759,0,0
2019-01-13,102.478,94980.0513126887,0,0
2019-01-14,103.552,95731.7309636623,0,0
2019-01-15,97.634,95418.1541970931,0,0
2019-01-16,87.006,96949.3182050996,0,0
2019-01-17,78.079,95050.9849120863,0,0
2019-01-18,75.344,96800.7181886584,0,0
2019-01-19,79.475,97706.1612061225,0,0
2019-01-20,86.1370000000001,96755.2353350446,0,0
2019-01-21,89.497,93659.2170640826,0,0
2019-01-22,86.008,96680.6505689397,0,0
2019-01-23,78.928,96068.1685028598,0,0
2019-01-24,73.747,95607.0133833215,0,0
2019-01-25,75.255,95793.329432793,0,0
2019-01-26,83.809,94689.9279497564,0,0
2019-01-27,94.454,96890.5819138512,0,0
2019-01-28,101.772,94799.4703971781,0,0
2019-01-29,101.938,96356.9576693699,0,0
2019-01-30,97.593,97539.1934271902,0,0
2019-01-31,94.6,95839.9356278591,0,0
2019-02-01,97.213,96978.3167313784,0,0
2019-02-02,106.112,95553.671355173,0,0
2019-02-03,116.254,96634.2150138691,0,0
2019-02-04,121.953,95651.0596319102,0,0
2019-02-05,120.067,94901.0014585219,0,0
2019-02-06,112.588,96551.1146184988,0,0
2019-02-07,105.683,97132.2756275535,0,0
2019-02-08,104.371,96011.1858756281,0,0
2019-02-09,108.847,96255.4120155983,0,0
2019-02-10,114.802,95809.3260241672,0,0
2019-02-11,116.284,96746.5710884891,0,0
2019-02-12,110.597,97585.6972315349,0,0
2019-02-13,100.501,93274.6528621763,0,0
2019-02-14,90.976,95489.5239126869,0,0
2019-02-15,87.8060000000001,96367.680238001,0,0
2019-02-16,91.725,94208.8930691592,0,0
2019-02-17,97.778,95419.3368922919,0,0
2019-02-18,100.469,96079.8977294005,0,0
2019-02-19,96.73,97916.2201676518,0,0
2019-02-20,89.527,92834.4489406794,0,0
2019-02-21,83.356,95668.6986421235,0,0
2019-02-22,83.995,97514.7371749394,0,0
2019-02-23,64.445,95196.5488833375,1,0
2019-02-24,102.487,96336.3817587495,0,0
2019-02-25,109.618,94810.1676832885,0,0
2019-02-26,109.91,95770.6416643225,0,0
2019-02-27,105.568,96956.067968253,0,0
2019-02-28,102.494,95953.9234470576,0,0
2019-03-01,105.265,95342.9888297804,0,0
2019-03-02,114.131,96236.3916285336,0,0
2019-03-03,124.719,97387.3939740472,0,0
2019-03-04,130.985,97671.5984754264,0,0
2019-03-05,130.028,94681.6591026261,0,0
2019-03-06,123.119,97368.5202976689,0,0
2019-03-07,117.056,93249.9007426202,0,0
2019-03-08,115.791,95298.6153478734,1,0
2019-03-09,120.351,98174.3311427534,0,0
2019-03-10,126.913,96073.4609216452,0,0
2019-03-11,128.832,97887.1471316554,0,0
2019-03-12,123.866,94933.4155881777,0,0
2019-03-13,113.524,95513.5469422676,0,0
2019-03-14,104.136,94253.2099490985,0,0
2019-03-15,100.416,97143.6108828522,0,0
2019-03-16,103.845,95285.492722597,0,0
2019-03-17,109.613,95867.7372142673,0,0
2019-03-18,112.049,96468.4804789722,0,0
2019-03-19,108.193,95883.5466491058,0,0
2019-03-20,100.165,94842.3381694593,0,0
2019-03-21,93.474,95634.7405490465,0,0
2019-03-22,93.52,95297.5799322128,0,0
2019-03-23,100.645,96130.1150491461,0,0
2019-03-24,110.63,97438.1571405567,0,0
2019-03-25,117.693,94868.4583566152,0,0
2019-03-26,118.003,95402.7727994137,0,0
2019-03-27,113.762,94843.5065605678,0,0
2019-03-28,110.313,96114.0976433642,0,0
2019-03-29,113.026,94826.2807291932,0,0
2019-03-30,121.981,95750.8120635524,0,0
2019-03-31,13.305,95872.3750456236,0,1
2019-04-01,139.917,96095.5765608698,0,0
2019-04-02,139.377,96256.5335855819,0,0
2019-04-03,133.414,94731.8463845178,0,0
2019-04-04,127.355,96238.2010894828,0,0
2019-04-05,126.611,96342.9194720462,0,0
2019-04-06,131.902,94997.8668224066,0,0
2019-04-07,138.813,94957.6715627685,0,0
2019-04-08,141.399,95810.3551439941,0,0
2019-04-09,136.449,97848.3592168428,0,0
2019-04-10,126.619,95646.6406118125,0,0
2019-04-11,117.207,94168.617337849,0,0
2019-04-12,113.221,97152.3697590455,0,0
2019-04-13,116.179,96863.2251596078,0,0
2019-04-14,121.839,95857.0287599228,0,0
2019-04-15,124.157,95413.4171454236,0,0
2019-04-16,119.798,97361.1176844686,0,0
2019-04-17,111.472,94426.9491132349,0,0
2019-04-18,103.874,97764.6315350197,0,0
2019-04-19,103.226,96242.9914306849,0,0
2019-04-20,109.727,96700.2610080875,0,0
2019-04-21,119.39,95775.9917097166,0,0
2019-04-22,126.108,94643.0166500621,0,0
2019-04-23,126.19,95739.3262579106,0,0
2019-04-24,121.656,96749.2365273647,0,0
2019-04-25,118.091,96692.4652706832,0,0
2019-04-26,120.574,95623.3897286467,0,0
2019-04-27,129.575,95877.7919490822,0,0
2019-04-28,140.903,95667.8786179982,0,0
2019-04-29,148.263,96874.410989508,0,0
2019-04-30,148.346,97389.0656452626,0,0
2019-05-01,71.465,96394.7782083414,1,0
2019-05-02,68.78,94876.5422947705,0,0
2019-05-03,68.54,95846.6585984454,0,0
2019-05-04,142.565,96876.4753743075,0,0
2019-05-05,150.081,96380.9791575186,0,0
2019-05-06,153.356,96775.0057869591,0,0
2019-05-07,149.143,97533.5322913714,0,0
2019-05-08,139.845,92949.392959848,0,0
2019-05-09,130.049,96691.9047715142,1,0
2019-05-10,126.131,96669.5733783767,0,0
2019-05-11,128.817,96896.8442972749,0,0
2019-05-12,134.396,94732.2901568376,0,0
2019-05-13,136.54,94809.1729831882,0,0
2019-05-14,131.973,96908.329515066,0,0
2019-05-15,123.014,96277.21787747,0,0
2019-05-16,115.015,97086.4684315398,0,0
2019-05-17,113.61,95241.2780517712,0,0
2019-05-18,119.311,96298.7134893425,0,0
2019-05-19,128.468,95218.032308016,0,0
2019-05-20,134.814,94578.9696128108,0,0
2019-05-21,134.798,94616.8337923475,0,0
2019-05-22,130.005,95604.0285280906,0,0
2019-05-23,126.172,95289.71058717,0,0
2019-05-24,128.05,97309.5255477354,0,0
2019-05-25,137.153,94823.5445539467,0,0
2019-05-26,148.493,96294.2690866068,0,0
2019-05-27,156.2,98552.0555814728,0,0
2019-05-28,157.29,94113.5429508053,0,0
2019-05-29,152.265,94891.900831461,0,0
2019-05-30,147.094,95808.4214484319,0,0
2019-05-31,146.921,97252.1817244589,0,0
2019-06-01,153.057,95784.9347531796,0,0
2019-06-02,161.056,96008.0380327068,0,0
2019-06-03,165.269,93872.8761514649,0,0
2019-06-04,161.551,96440.4102200642,0,0
2019-06-05,152.427,95194.6303956211,0,0
2019-06-06,143.13,94743.3128689416,0,0
2019-06-07,139.062,95623.0583028868,0,0
2019-06-08,141.685,95363.1876408122,0,0
2019-06-09,146.974,95374.5179370046,0,0
2019-06-10,148.977,96407.0132699795,0,0
2019-06-11,144.467,96944.7569440119,0,0
2019-06-12,135.161,96264.7611916065,1,0
2019-06-13,126.764,94812.5486059114,0,0
2019-06-14,124.43,94962.8948100843,0,0
2019-06-15,129.465,94867.512472067,0,0
2019-06-16,137.771,97149.0718432702,0,0
2019-06-17,143.925,94617.9496631026,0,0
2019-06-18,143.475,96449.5697664097,0,0
2019-06-19,138.544,95585.6252924539,0,0
2019-06-20,134.202,95958.6621471681,0,0
2019-06-21,135.773,97033.3969424479,0,0
2019-06-22,144.405,96843.6595894396,0,0
2019-06-23,155.936,97160.7971342281,0,0
2019-06-24,164.242,96454.1449718177,0,0
2019-06-25,165.492,96002.3493556306,0,0
2019-06-26,160.86,97455.927329883,0,0
2019-06-27,156.413,94205.9703766368,0,0
2019-06-28,156.387,97774.7109554708,0,0
2019-06-29,162.976,95479.1064900346,0,0
2019-06-30,17.156,96050.9989026003,0,1
2019-07-01,176.165,97079.7373299487,0,0
2019-07-02,173.497,95949.1054824553,0,0
2019-07-03,164.685,97327.7555158362,0,0
2019-07-04,155.652,96917.9666003212,0,0
2019-07-05,151.838,95387.4673464336,0,0
2019-07-06,154.473,94323.415447399,0,0
2019-07-07,159.654,95606.5782750025,0,0
2019-07-08,161.824,95806.5366800874,0,0
2019-07-09,157.373,95092.79398527,0,0
2019-07-10,147.64,96696.3250515983,0,0
2019-07-11,138.683,95501.636047475,0,0
2019-07-12,135.7,94560.7710638084,0,0
2019-07-13,140.089,94206.8359658122,0,0
2019-07-14,148.003,94193.6824469827,0,0
2019-07-15,153.454,95218.5480144806,0,0
2019-07-16,152.743,96375.4707917571,0,0
2019-07-17,147.363,96290.3425004333,0,0
2019-07-18,142.548,96654.9305500463,0,0
2019-07-19,143.889,94274.3326055817,0,0
2019-07-20,152.039,95836.7447206751,0,0
2019-07-21,163.41,96901.8823911436,0,0
2019-07-22,172.009,95731.7304100841,0,0
2019-07-23,173.797,93732.7492660843,0,0
2019-07-24,169.721,93541.946206335,0,0
2019-07-25,165.098,95484.6128147095,0,0
2019-07-26,165.579,95977.636191342,0,0
2019-07-27,172.446,94968.4555591084,0,0
2019-07-28,181.574,95270.1267858967,0,0
2019-07-29,186.997,96057.8885889612,0,0
2019-07-30,184.963,96481.8197201937,0,0
2019-07-31,177.033,94471.6692582704,0,0
2019-08-01,168.16,95808.5884705186,0,0
2019-08-02,164.428,94949.5822638273,0,0
2019-08-03,166.779,97441.3292757235,0,0
2019-08-04,172.48,94366.80464698,0,0
2019-08-05,174.468,98346.158157941,0,0
2019-08-06,170.19,96493.7123257667,0,0
2019-08-07,160.589,95125.7092290558,0,0
2019-08-08,150.77,98170.4353184439,0,0
2019-08-09,147.224,96358.2360541448,0,0
2019-08-10,150.925,95672.4487372674,0,0
2019-08-11,158.296,95988.7413563207,0,0
2019-08-12,163.492,95418.9802645706,0,0
2019-08-13,162.488,95833.3369140513,0,0
2019-08-14,156.554,96832.1664812975,0,0
2019-08-15,151.206,96750.0029541552,0,0
2019-08-16,151.975,94578.6525102332,0,0
2019-08-17,159.586,97137.1946798638,0,0
2019-08-18,170.883,97291.0892698914,0,0
2019-08-19,179.713,95106.6831553355,0,0
2019-08-20,181.419,97144.1100916825,0,0
2019-08-21,177.652,96883.7743550539,0,0
2019-08-22,173.511,96093.8169036061,0,0
2019-08-23,174.209,96420.5506259575,0,0
2019-08-24,181.136,97961.952366773,0,0
2019-08-25,190.831,97975.3969623707,0,0
2019-08-26,197.142,97047.3134704866,0,0
2019-08-27,195.941,96709.2917231843,0,0
2019-08-28,188.55,96147.2994139418,0,0
2019-08-29,180.054,97816.8342014775,0,0
2019-08-30,176.596,95900.333565753,0,0
2019-08-31,179.317,96135.1196255535,0,0
2019-09-01,185.158,93885.2978834882,0,0
2019-09-02,187.669,94947.2140560858,0,0
2019-09-03,183.297,96348.7419365905,0,0
2019-09-04,173.385,97340.1169393212,0,0
2019-09-05,163.744,94677.7880651876,0,0
2019-09-06,159.22,97297.9623302817,0,0
2019-09-07,162.303,96637.9760053009,0,0
2019-09-08,169.15,96503.7940510549,0,0
2019-09-09,174.061,94637.3827318661,0,0
2019-09-10,172.538,96921.3607039303,0,0
2019-09-11,166.354,96121.9138110988,0,0
2019-09-12,160.285,97110.01624614,0,0
2019-09-13,160.392,94463.1454631686,0,0
2019-09-14,167.563,96312.071039062,0,0
2019-09-15,178.787,94142.50879623,0,0
2019-09-16,187.346,95079.6008966863,0,0
2019-09-17,189.448,95099.9913163483,0,0
2019-09-18,185.742,96716.3726190105,0,0
2019-09-19,181.82,94791.6408503428,0,0
2019-09-20,182.633,95198.5416724347,0,0
2019-09-21,189.852,96048.1309242547,0,0
2019-09-22,200.047,96374.0526180714,0,0
2019-09-23,206.972,96603.3375721425,0,0
2019-09-24,206.585,95767.2483013943,0,0
2019-09-25,199.798,95865.8621616662,0,0
2019-09-26,191.958,95132.1176909842,0,0
2019-09-27,188.466,96641.7937128805,0,0
2019-09-28,191.641,94445.1493130997,0,0
2019-09-29,197.253,97689.1295726411,0,0
2019-09-30,20.034,96675.1782509498,0,1
2019-10-01,196.354,96689.7930474021,0,0
2019-10-02,186.482,98174.0937973373,0,0
2019-10-03,176.461,96473.0730710551,0,0
2019-10-04,171.722,95852.4995594285,0,0
2019-10-05,174.277,94908.9146725833,0,0
2019-10-06,180.45,97237.0968922973,0,0
2019-10-07,185.003,95295.6766485237,0,0
2019-10-08,183.172,97104.2211191729,0,0
2019-10-09,176.59,95156.0992578045,0,0
2019-10-10,169.879,96649.1742844693,0,0
2019-10-11,169.255,94471.7852102593,0,0
2019-10-12,175.928,94230.4163605906,0,0
2019-10-13,186.501,95532.4843426235,0,0
2019-10-14,195.065,95571.0466796532,0,0
2019-10-15,197.273,95375.4855812527,0,0
2019-10-16,193.721,96327.5998339057,0,0
2019-10-17,189.515,98361.8093470111,0,0
2019-10-18,190.576,96011.8392328732,0,0
2019-10-19,198.164,95010.9502644278,0,0
2019-10-20,208.696,95983.3419945091,0,0
2019-10-21,216.114,97592.7457327023,0,0
2019-10-22,216.726,94856.3505207188,0,0
2019-10-23,210.681,94191.1057762802,0,0
2019-10-24,203.021,96970.328766387,0,0
2019-10-25,200.177,94936.1365270801,0,0
2019-10-26,203.432,94721.2011926807,0,0
2019-10-27,209.772,94360.458396934,0,0
2019-10-28,212.904,97378.8529161364,0,0
2019-10-29,209.557,95002.3745985702,0,0
2019-10-30,199.872,96023.6543009989,0,0
2019-10-31,189.626,95413.8637580909,0,0
2019-11-01,184.364,95963.1872800179,0,0
2019-11-02,186.405,95405.3838577121,0,0
2019-11-03,192.478,94113.2304293104,0,0
2019-11-04,196.33,96333.6888032034,1,0
2019-11-05,194.493,94837.7649417147,0,0
2019-11-06,187.092,96949.8733820394,0,0
2019-11-07,179.95,95875.4187576473,0,0
2019-11-08,178.227,97328.1257334165,0,0
2019-11-09,184.359,95886.9717690162,0,0
2019-11-10,194.643,95553.9075799286,0,0
2019-11-11,203.037,95509.6686371602,0,0
2019-11-12,205.141,95872.0685603097,0,0
2019-11-13,201.609,96990.1659855619,0,0
2019-11-14,197.567,96524.4802039117,0,0
2019-11-15,198.375,96449.6629601344,0,0
2019-11-16,205.901,96838.3276175708,0,0
2019-11-17,216.874,96490.3924336657,0,0
2019-11-18,225.191,95346.9566605054,0,0
2019-11-19,226.154,96595.506835822,0,0
2019-11-20,220.806,95735.9515702352,0,0
2019-11-21,214.002,94142.3780173995,0,0
2019-11-22,211.264,94978.4038719721,0,0
2019-11-23,214.905,94654.9521577545,0,0
2019-11-24,221.61,94983.3128299564,0,0
2019-11-25,225.486,95374.9933261424,0,0
2019-11-26,222.402,95764.9565318599,0,0
2019-11-27,213.084,95524.1160047241,0,0
2019-11-28,202.763,95207.6392566785,0,0
2019-11-29,197.186,96323.7568634562,0,0
2019-11-30,198.896,94797.7432869375,0,0
2019-12-01,204.417,95892.2543877736,0,0
2019-12-02,208.341,94389.5618451759,0,0
2019-12-03,205.713,98286.4506122656,0,0
2019-12-04,198.114,97988.5778423399,0,0
2019-12-05,190.537,94977.3610796779,0,0
2019-12-06,188.301,93451.1280619539,0,0
2019-12-07,193.396,95274.2553976364,0,0
2019-12-08,203.095,95490.0471189991,0,0
2019-12-09,211.299,94934.0052529238,0,0
2019-12-10,213.289,95942.1325479634,0,0
2019-12-11,209.691,96149.177806545,0,0
2019-12-12,205.36,97024.4066203013,0,0
2019-12-13,206.121,95920.6799440086,0,0
2019-12-14,213.705,95317.022195179,0,0
2019-12-15,224.924,95254.9469218589,0,0
2019-12-16,233.526,96584.3303268775,0,0
2019-12-17,235.428,95378.5866161808,0,0
2019-12-18,230.67,94666.1868023686,0,0
2019-12-19,224.223,95102.9732545838,0,0
2019-12-20,221.879,95297.0836930908,0,0
2019-12-21,225.85,95492.5473743118,0,0
2019-12-22,233.093,94722.8507574648,0,0
2019-12-23,237.537,95906.5693174489,0,0
2019-12-24,235.125,95185.6215752661,0,0
2019-12-25,226.185,94962.4970316887,0,0
2019-12-26,215.837,95568.2137197815,0,0
2019-12-27,210.038,97009.4850240275,0,0
2019-12-28,211.416,95677.9892082326,0,0
2019-12-29,216.828,95268.3420054615,0,0
2019-12-30,220.431,95328.5634906963,0,0
2019-12-31,152.477,96659.5544979908,0,0
2020-01-01,104.945,95548.549141176,1,0
2020-01-02,100.633,95234.6412395127,1,0
2020-01-03,98.9470000000001,96055.8822464198,1,0
2020-01-04,202.193,96104.8157787882,1,0
2020-01-05,211.138,96674.8439042829,1,0
2020-01-06,218.864,95576.2396575883,1,0
2020-01-07,220.576,95522.6628004573,1,0
2020-01-08,216.774,94347.3898742348,1,0
2020-01-09,211.892,96309.7802786157,0,0
2020-01-10,212.248,94790.3626671061,0,0
2020-01-11,219.417,95335.4347492568,0,0
2020-01-12,230.636,94944.8348847218,0,0
2020-01-13,239.437,96957.776020281,0,0
2020-01-14,241.613,97189.3400832079,0,0
2020-01-15,237.235,96665.643836651,0,0
2020-01-16,231.389,93730.5384053849,0,0
2020-01-17,229.086,95402.0996027626,0,0
2020-01-18,233.181,96045.5125893466,0,0
2020-01-19,240.822,95110.8519593254,0,0
2020-01-20,245.835,94987.4012171291,0,0
2020-01-21,243.72,95980.8959027752,0,0
2020-01-22,235.108,95404.8310443759,0,0
2020-01-23,224.737,96333.5252484307,0,0
2020-01-24,218.8,96082.01787211,0,0
2020-01-25,219.867,94364.2107696272,0,0
2020-01-26,224.893,93903.6624696106,0,0
2020-01-27,228.098,95328.0195808969,0,0
2020-01-28,225.368,94539.4826910459,0,0
2020-01-29,216.432,99177.3119941354,0,0
2020-01-30,207.562,95263.1869263947,0,0
2020-01-31,203.388,96136.8656380102,0,0
2020-02-01,206.999,95691.7287761346,0,0
2020-02-02,215.231,97176.429442782,0,0
2020-02-03,222.545,96379.6671695076,0,0
2020-02-04,223.982,96910.4185497388,0,0
2020-02-05,219.869,96366.7778658681,0,0
2020-02-06,215.008,94472.0762815326,0,0
2020-02-07,214.763,95125.2904133871,0,0
2020-02-08,221.68,96086.9662611745,0,0
2020-02-09,232.895,95818.2526311837,0,0
2020-02-10,242.127,97087.8494143486,0,0
2020-02-11,244.976,95673.4490227886,0,0
2020-02-12,241.134,95389.2449597828,0,0
2020-02-13,235.287,96944.6904163808,0,0
2020-02-14,233.543,96349.8181450181,0,0
2020-02-15,238.284,94144.1752522253,0,0
2020-02-16,246.089,97144.4471425377,0,0
2020-02-17,251.809,96494.7428369895,0,0
2020-02-18,250.413,97483.9539187029,0,0
2020-02-19,242.611,94032.9408543184,0,0
2020-02-20,232.563,94412.1313662268,0,0
2020-02-21,226.47,96057.4244812131,0,0
2020-02-22,227.319,95584.1598853469,0,0
2020-02-23,162.41,97927.3247894831,1,0
2020-02-24,235.689,94174.8100553639,0,0
2020-02-25,232.714,96147.5355400704,0,0
2020-02-26,224.092,94570.0617572293,0,0
2020-02-27,214.144,96693.0754314177,0,0
2020-02-28,209.232,98174.1399584338,0,0
2020-02-29,212.093,97420.1031642035,0,0
2020-03-01,219.857,97508.2136323676,0,0
2020-03-02,226.691,97419.4302467629,0,0
2020-03-03,228.086,94801.9832500257,0,0
2020-03-04,223.625,94630.5598838255,0,0
2020-03-05,218.048,96021.6135055758,0,0
2020-03-06,217.353,96383.9806923643,0,0
2020-03-07,223.954,96803.3092663623,0,0
2020-03-08,235.044,97399.8305558227,1,0
2020-03-09,244.865,94875.9868105873,0,0
2020-03-10,247.949,95539.9634769186,0,0
2020-03-11,244.573,95424.675057549,0,0
2020-03-12,239.222,95423.8819229417,0,0
2020-03-13,237.877,93711.4959749393,0,0
2020-03-14,242.47,96851.2693769298,0,0
2020-03-15,251.096,96561.5392200649,0,0
2020-03-16,257.63,94597.1953684464,0,0
2020-03-17,257.081,94991.9534567744,0,0
2020-03-18,249.477,96063.608271908,0,0
2020-03-19,239.896,95437.974187918,0,0
2020-03-20,233.907,97021.3107528165,0,0
2020-03-21,234.53,99005.074031651,0,0
2020-03-22,239.819,95423.336322885,0,0
2020-03-23,243.231,95452.5150771253,0,0
2020-03-24,240.474,95329.6906412579,0,0
2020-03-25,231.337,97959.2464476824,0,0
2020-03-26,221.307,95976.4025386423,0,0
2020-03-27,215.771,97143.1275949813,0,0
2020-03-28,217.972,95809.008464776,0,0
2020-03-29,225.102,95890.1803371496,0,0
2020-03-30,231.575,95068.0464345962,0,0
2020-03-31,23.23,95713.6338293552,0,1
2020-04-01,227.509,95637.772387173,0,0
2020-04-02,221.497,96057.3059444316,0,0
2020-04-03,220.449,94574.5668580756,0,0
2020-04-04,226.448,96611.8524560705,0,0
2020-04-05,237.37,97235.980599653,0,0
2020-04-06,247.261,95016.9521852396,0,0
2020-04-07,250.735,95295.5970009789,0,0
2020-04-08,247.772,94765.2559761889,0,0
2020-04-09,242.724,94769.2347900011,0,0
2020-04-10,241.187,97632.7618905343,0,0
2020-04-11,246.56,95694.9730026536,0,0
2020-04-12,255.789,94079.5611674897,0,0
2020-04-13,262.696,96584.3222853728,0,0
2020-04-14,262.818,97487.7653253265,0,0
2020-04-15,256.091,96214.3559815362,0,0
2020-04-16,246.674,98457.8810011968,0,0
2020-04-17,241.315,95646.2928761728,0,0
2020-04-18,242.291,94488.7588364072,0,0
2020-04-19,247.243,96131.9292153232,0,0
2020-04-20,250.784,96894.9097623117,0,0
2020-04-21,248.216,96281.433825288,0,0
2020-04-22,239.354,95466.182105802,0,0
2020-04-23,228.581,98004.4532805681,0,0
2020-04-24,222.858,94582.586980518,0,0
2020-04-25,224.243,94727.1002551541,0,0
2020-04-26,230.878,93527.2550997324,0,0
2020-04-27,236.638,95889.0167545527,0,0
2020-04-28,237.088,96081.1990175396,0,0
2020-04-29,231.888,95595.9666851908,0,0
2020-04-30,225.363,96036.5702617913,0,0
2020-05-01,111.703,97561.0118647106,1,0
2020-05-02,114.612,95554.1292637587,0,0
2020-05-03,119.99,94845.9756117314,0,0
2020-05-04,249.607,96045.0629163533,0,0
2020-05-05,253.483,94166.8162685819,0,0
2020-05-06,250.503,96990.045756381,0,0
2020-05-07,245.639,97276.8477772363,0,0
2020-05-08,244.564,96804.3318969198,0,0
2020-05-09,250.092,95997.7072996087,1,0
2020-05-10,259.74,94749.7849461623,0,0
2020-05-11,267.302,97262.2303649783,0,0
2020-05-12,268.311,97200.8097635582,0,0
2020-05-13,262.375,95371.6123963706,0,0
2020-05-14,253.605,95639.9246862158,0,0
2020-05-15,248.22,96249.7502627783,0,0
2020-05-16,249.229,96671.5474870056,0,0
2020-05-17,254.716,94792.5877218135,0,0
2020-05-18,258.23,98772.7704473771,0,0
2020-05-19,255.974,97607.3697284795,0,0
2020-05-20,247.244,95879.1275191121,0,0
2020-05-21,236.528,95160.2277923375,0,0
2020-05-22,230.01,95016.7192617431,0,0
2020-05-23,230.666,96473.8696871325,0,0
2020-05-24,236.673,96297.371786274,0,0
2020-05-25,242.126,97399.1793564521,0,0
2020-05-26,242.491,94772.4028429016,0,0
2020-05-27,236.587,97270.1033623889,0,0
2020-05-28,229.554,96839.5632387139,0,0
2020-05-29,227.174,95591.2673821673,0,0
2020-05-30,232.165,95979.929749202,0,0
2020-05-31,242.404,96573.2799492776,0,0
2020-06-01,252.468,91870.5854943022,0,0
2020-06-02,256.032,94927.4914215319,0,0
2020-06-03,253.5,94445.8894273266,0,0
2020-06-04,248.568,97188.7084255926,0,0
2020-06-05,247.709,95378.8481684402,0,0
2020-06-06,253.011,98625.4260996357,0,0
2020-06-07,263.134,96677.4667063728,0,0
2020-06-08,271.466,97841.9994922355,0,0
2020-06-09,273.524,95094.5381181315,0,0
2020-06-10,267.962,96737.2107843868,0,0
2020-06-11,259.614,98358.3952471614,0,0
2020-06-12,254.896,94855.2312511951,1,0
2020-06-13,256.26,94247.9396845214,0,0
2020-06-14,261.778,95203.9846605621,0,0
2020-06-15,266.046,95249.1328750737,0,0
2020-06-16,264.083,94700.6570899859,0,0
2020-06-17,255.497,93594.9539305642,0,0
2020-06-18,244.533,94167.1744564548,0,0
2020-06-19,237.478,95195.0599898584,0,0
2020-06-20,237.611,96389.0040621161,0,0
2020-06-21,243.193,95800.2900416031,0,0
2020-06-22,248.306,96132.8330166638,0,0
2020-06-23,248.128,96052.2814786993,0,0
2020-06-24,242.074,95485.5885151774,0,0
2020-06-25,234.351,96078.5805009305,0,0
2020-06-26,231.042,97353.2257302664,0,0
2020-06-27,235.477,96002.4456962943,0,0
2020-06-28,245.268,96264.8996009491,0,0
2020-06-29,254.806,95318.6082791537,0,0
2020-06-30,25.876,94735.6739936396,0,1
2020-07-01,256.16,96164.657645952,0,0
2020-07-02,251.522,95718.4926327318,0,0
2020-07-03,250.442,96001.2146422639,0,0
2020-07-04,256.015,97326.0280524381,0,0
2020-07-05,266.529,94440.8573898487,0,0
2020-07-06,275.338,96854.9051464535,0,0
2020-07-07,277.934,96055.7471898384,0,0
2020-07-08,273.468,93825.6679761223,0,0
2020-07-09,265.381,98492.7377988584,0,0
2020-07-10,260.972,95723.8145299256,0,0
2020-07-11,262.553,95856.4869762398,0,0
2020-07-12,268.609,95176.3923169114,0,0
2020-07-13,273.273,95676.0612848215,0,0
2020-07-14,271.61,97262.6375689171,0,0
2020-07-15,263.202,96910.4429207742,0,0
2020-07-16,252.466,94791.7148184963,0,0
2020-07-17,245.109,95617.6728796214,0,0
2020-07-18,244.873,96067.2356298193,0,0
2020-07-19,249.888,97200.0302508473,0,0
2020-07-20,254.814,95757.1080466732,0,0
2020-07-21,254.321,96099.3206051178,0,0
2020-07-22,247.913,95149.0713298321,0,0
2020-07-23,239.583,95718.6962992884,0,0
2020-07-24,235.587,96045.4929592088,0,0
2020-07-25,239.205,96266.6420308873,0,0
2020-07-26,248.447,96479.690325819,0,0
2020-07-27,257.565,96950.808438845,0,0
2020-07-28,261.445,96229.5447279699,0,0
2020-07-29,258.783,98195.4614886083,0,0
2020-07-30,254.116,97063.5376671329,0,0
2020-07-31,253.185,94888.9804291539,0,0
2020-08-01,258.678,96408.263094537,0,0
2020-08-02,269.145,97019.4312307984,0,0
2020-08-03,278.715,96577.9854937457,0,0
2020-08-04,281.739,98981.3246673904,0,0
2020-08-05,278.181,94333.9674426243,0,0
2020-08-06,270.702,98171.2545582093,0,0
2020-08-07,266.671,95390.17705312,0,0
2020-08-08,268.589,95781.063774135,0,0
2020-08-09,274.924,96565.0847606361,0,0
2020-08-10,280.281,95444.3903003819,0,0
2020-08-11,279.169,96735.3842237033,0,0
2020-08-12,271.155,96350.9702351876,0,0
2020-08-13,260.236,97284.3397201039,0,0
2020-08-14,252.951,95432.1911131032,0,0
2020-08-15,252.268,96958.6840572767,0,0
2020-08-16,257.084,96018.6928619631,0,0
2020-08-17,261.797,94742.2037455253,0,0
2020-08-18,260.914,96331.0315110721,0,0
2020-08-19,254.217,94717.5909421407,0,0
2020-08-20,245.262,96106.1299703084,0,0
2020-08-21,240.497,96676.1479209177,0,0
2020-08-22,243.425,95758.2599554211,0,0
2020-08-23,252.107,95749.0092707798,0,0
2020-08-24,260.752,97614.0683948994,0,0
2020-08-25,264.372,97906.6522841342,0,0
2020-08-26,262.079,94554.375044629,0,0
2020-08-27,256.976,96386.1267867498,0,0
2020-08-28,255.758,94823.9020251669,0,0
2020-08-29,261.211,95962.2726544738,0,0
2020-08-30,271.921,94887.7140223049,0,0
2020-08-31,281.875,94961.1099797301,0,0
2020-09-01,285.553,97116.029454302,0,0
2020-09-02,282.283,96307.0963278413,0,0
2020-09-03,275.879,94504.0324958973,0,0
2020-09-04,271.957,94723.9554348402,0,0
2020-09-05,274.186,95717.159252055,0,0
2020-09-06,281.014,95810.7477348298,0,0
2020-09-07,286.902,95834.3665217981,0,0
2020-09-08,286.539,95774.6473443694,0,0
2020-09-09,278.897,96461.5930320695,0,0
2020-09-10,268.047,98669.449444022,0,0
2020-09-11,260.669,96485.6925845146,0,0
2020-09-12,259.866,96492.2754574567,0,0
2020-09-13,264.434,95778.1454229727,0,0
2020-09-14,268.829,96177.0380015485,0,0
2020-09-15,267.79,97718.276278954,0,0
2020-09-16,260.737,96731.7601879127,0,0
2020-09-17,251.477,95711.0606701113,0,0
2020-09-18,245.899,96923.7274396233,0,0
2020-09-19,247.78,98931.9611261599,0,0
2020-09-20,255.987,96874.3613430299,0,0
2020-09-21,264.467,96192.2918812372,0,0
2020-09-22,268.1,93836.6069164127,0,0
2020-09-23,265.244,94735.7570094056,0,0
2020-09-24,259.825,97045.7287989557,0,0
2020-09-25,258.258,96113.8019389473,0,0
2020-09-26,263.52,96317.5679582171,0,0
2020-09-27,274.481,92936.4369630814,0,0
2020-09-28,284.54,95444.848425407,0,0
2020-09-29,288.942,95840.63869901,0,0
2020-09-30,28.62,95873.2621169649,0,1
2020-10-01,280.148,95317.1761727892,0,0
2020-10-02,276.732,94213.5751197115,0,0
2020-10-03,279.425,94300.2033240162,0,0
2020-10-04,286.484,97135.7141970657,0,0
2020-10-05,293.011,96499.1370019503,0,0
2020-10-06,293.36,96712.8853060305,0,0
2020-10-07,286.441,95650.4538576119,0,0
2020-10-08,275.898,97665.7058517449,0,0
2020-10-09,268.491,95976.798448246,0,0
2020-10-10,267.619,95075.9948087856,0,0
2020-10-11,271.735,97703.1146537513,0,0
2020-10-12,276.272,95771.2909037247,0,0
2020-10-13,275.352,95260.1405158639,0,0
2020-10-14,267.908,95973.9113688469,0,0
2020-10-15,257.969,97064.3767405301,0,0
2020-10-16,251.83,96589.8460067809,0,0
2020-10-17,253.199,95789.4900646061,0,0
2020-10-18,260.609,95168.4717768803,0,0
2020-10-19,268.61,94876.439582184,0,0
2020-10-20,271.768,94621.7611626722,0,0
2020-10-21,268.66,95101.1270403862,0,0
2020-10-22,262.936,97127.982889954,0,0
2020-10-23,261.019,95349.2311256938,0,0
2020-10-24,265.957,95801.7680207267,0,0
2020-10-25,276.534,95593.3836329728,0,0
2020-10-26,287.215,93655.2413662896,0,0
2020-10-27,291.928,95893.0153067224,0,0
2020-10-28,289.696,96245.3778835945,0,0
2020-10-29,284.215,94202.2339340299,0,0
2020-10-30,280.799,96675.7465700619,0,0
2020-10-31,283.935,95313.6965161189,0,0
2020-11-01,291.59,97247.2216323949,0,0
2020-11-02,298.788,96655.2634049207,0,0
2020-11-03,299.747,97818.6856908724,0,0
2020-11-04,293.565,95838.5966691189,1,0
2020-11-05,283.651,95304.8278330825,0,0
2020-11-06,276.067,96469.3140230142,0,0
2020-11-07,274.967,97512.1092363261,0,0
2020-11-08,279.531,95073.8414954394,0,0
2020-11-09,283.807,95909.5024206676,0,0
2020-11-10,282.736,97353.070727922,0,0
2020-11-11,275.478,94306.6125321202,0,0
2020-11-12,265.008,96609.673369769,0,0
2020-11-13,258.213,96604.8353950493,0,0
2020-11-14,258.735,96497.6310874335,0,0
2020-11-15,265.581,94938.9102788642,0,0
2020-11-16,272.951,96715.4834558256,0,0
2020-11-17,275.835,95321.8482645229,0,0
2020-11-18,272.36,96054.5927350409,0,0
2020-11-19,266.104,99735.7855250128,0,0
2020-11-20,263.91,95473.2246795669,0,0
2020-11-21,268.511,95089.5754529163,0,0
2020-11-22,278.784,96196.6767389327,0,0
2020-11-23,289.45,95726.5879599378,0,0
2020-11-24,294.774,95263.450605236,0,0
2020-11-25,292.864,96711.7078194395,0,0
2020-11-26,287.744,94858.7894498371,0,0
2020-11-27,284.743,95944.5849924348,0,0
2020-11-28,287.819,98368.2671350427,0,0
2020-11-29,296.345,95734.769569803,0,0
2020-11-30,304.255,94665.7030823641,0,0
2020-12-01,306.005,95473.2135479338,0,0
2020-12-02,300.251,96882.3352056555,0,0
2020-12-03,290.85,95497.0994416624,0,0
2020-12-04,283.642,95018.7312886119,0,0
2020-12-05,282.545,96455.747238826,0,0
2020-12-06,286.825,97426.3692921959,0,0
2020-12-07,291.481,95512.741916813,0,0
2020-12-08,290.594,95929.5547073707,0,0
2020-12-09,283.139,94657.3677213863,0,0
2020-12-10,272.435,96283.7585784495,0,0
2020-12-11,265.3,93230.5236757733,0,0
2020-12-12,264.748,97019.895908609,0,0
2020-12-13,270.953,95666.296577733,0,0
2020-12-14,278.046,94801.3345024548,0,0
2020-12-15,280.413,95543.3018642478,0,0
2020-12-16,276.615,96175.3029287793,0,0
2020-12-17,270.153,96581.7675597966,0,0
2020-12-18,267.082,95601.4777060598,0,0
2020-12-19,270.915,97802.4404020049,0,0
2020-12-20,281.136,96071.7877313495,0,0
2020-12-21,291.737,96500.1475231722,0,0
2020-12-22,297.157,97641.815518029,0,0
2020-12-23,295.989,94826.2959494255,0,0
2020-12-24,290.861,96405.3617129102,0,0
2020-12-25,288.198,95886.92132961,0,0
2020-12-26,291.899,94573.9514111541,0,0
2020-12-27,300.457,96248.3642024919,0,0
2020-12-28,308.881,96758.9144666679,0,0
2020-12-29,311.581,96083.5538319312,0,0
2020-12-30,306.581,96273.0073583312,0,0
2020-12-31,208.448,94253.3201200888,0,0
2021-01-01,145.41,93810.1879045367,1,0
2021-01-02,144.774,97776.9749490544,1,0
2021-01-03,147.046,96211.1075503752,1,0
2021-01-04,298.726,95477.794286143,1,0
2021-01-05,297.938,96830.3758695722,1,0
2021-01-06,290.559,94500.8057956584,1,0
2021-01-07,279.676,94144.1775656305,1,0
2021-01-08,271.662,94245.8879363723,1,0
2021-01-09,270.538,96482.491084002,0,0
2021-01-10,275.956,95758.5602130741,0,0
2021-01-11,282.38,96128.5324380733,0,0
2021-01-12,284.478,94928.7600767799,0,0
2021-01-13,280.199,95486.200444214,0,0
2021-01-14,273.161,95299.8696690425,0,0
2021-01-15,269.215,96165.5087071471,0,0
2021-01-16,272.362,98189.8756186478,0,0
2021-01-17,282.136,96010.0366778672,0,0
2021-01-18,292.685,94866.3318936713,0,0
2021-01-19,298.225,95147.6148882881,0,0
2021-01-20,296.886,96113.7694885954,0,0
2021-01-21,292.132,94681.3977825455,0,0
2021-01-22,289.614,93253.5783676431,0,0
2021-01-23,293.01,96099.5037551038,0,0
2021-01-24,302.039,95636.931776721,0,0
2021-01-25,310.819,97982.4882597663,0,0
2021-01-26,314.534,93378.1227213331,0,0
2021-01-27,309.889,97456.7062551156,0,0
2021-01-28,301.564,95230.1313024014,0,0
2021-01-29,294.565,98171.5245128609,0,0
2021-01-30,294.117,95362.938141264,0,0
2021-01-31,298.755,95409.7232099622,0,0
2021-02-01,303.592,96393.8437656499,0,0
2021-02-02,303.386,94571.0738540627,0,0
2021-02-03,295.761,96609.383920487,0,0
2021-02-04,284.964,94196.7108003795,0,0
2021-02-05,276.363,96389.9219505489,0,0
2021-02-06,274.738,97459.4704170711,0,0
2021-02-07,279.625,96323.9593889564,0,0
2021-02-08,285.731,95564.9521971121,0,0
2021-02-09,287.237,96790.8656440675,0,0
2021-02-10,282.702,96393.7777426094,0,0
2021-02-11,275.163,95936.1235325225,0,0
2021-02-12,270.565,95950.0282662921,0,0
2021-02-13,273.164,96798.2638533227,0,0
2021-02-14,282.4,95119.9828828685,0,0
2021-02-15,292.599,95657.1040540934,0,0
2021-02-16,298.13,96617.7740932442,0,0
2021-02-17,297.2,94626.0677584447,0,0
2021-02-18,292.291,95755.3962493315,0,0
2021-02-19,289.589,97057.643782068,0,0
2021-02-20,293.442,95941.1196027882,0,0
2021-02-21,302.701,96162.9105009139,0,0
2021-02-22,312.153,97272.0715594478,0,0
2021-02-23,221.509,94643.0299881846,1,0
2021-02-24,312.855,95529.4250765815,0,0
2021-02-25,304.875,95855.3893932141,0,0
2021-02-26,298.596,95089.2888674513,0,0
2021-02-27,298.05,96670.4157825559,0,0
2021-02-28,303.118,95291.5918486193,0,0
2021-03-01,308.324,96269.9323340319,0,0
2021-03-02,308.459,95312.847080268,0,0
2021-03-03,301.159,97056.472992897,0,0
2021-03-04,290.104,97365.9218257293,0,0
2021-03-05,281.506,95845.0980248861,0,0
2021-03-06,279.687,93952.2912559099,0,0
2021-03-07,283.829,95639.938224107,0,0
2021-03-08,289.448,95899.9576698057,1,0
2021-03-09,290.707,96722.1872882918,0,0
2021-03-10,285.768,95950.8276805282,0,0
2021-03-11,277.58,96806.4601599239,0,0
2021-03-12,272.335,96294.3622118793,0,0
2021-03-13,274.196,96709.0328724124,0,0
2021-03-14,282.655,97320.1366913505,0,0
2021-03-15,292.701,96606.2286419794,0,0
2021-03-16,298.298,96552.4064617231,0,0
2021-03-17,297.182,96618.9843774773,0,0
2021-03-18,292.526,95494.3490282632,0,0
2021-03-19,289.799,96489.6351626143,0,0
2021-03-20,293.539,96806.3295960426,0,0
2021-03-21,303.276,93762.9822817631,0,0
2021-03-22,313.039,97155.9247989208,0,0
2021-03-23,317.903,95893.579409644,0,0
2021-03-24,314.933,97736.6647978313,0,0
2021-03-25,307.624,97339.0255297534,0,0
2021-03-26,301.964,94552.4043155834,0,0
2021-03-27,301.819,95103.3568102866,0,0
2021-03-28,306.993,96466.7448054068,0,0
2021-03-29,312.811,96348.6232918687,0,0
2021-03-30,313.36,95904.8417255282,0,0
2021-03-31,30.666,95280.6904969737,0,1
2021-04-01,295.685,95744.0036116168,0,0
2021-04-02,286.856,94653.1552146189,0,0
2021-04-03,284.402,95378.8016346283,0,0
2021-04-04,288.177,96792.3575588502,0,0
2021-04-05,293.656,94797.1515997313,0,0
2021-04-06,294.563,96671.7979171313,0,0
2021-04-07,289.297,96169.2538246512,0,0
2021-04-08,280.617,96452.3702270351,0,0
2021-04-09,274.799,94013.3426950313,0,0
2021-04-10,275.618,97923.9338192157,0,0
2021-04-11,283.551,97377.6576126926,0,0
2021-04-12,293.296,95663.3413271978,0,0
2021-04-13,298.557,97636.9280943647,0,0
2021-04-14,297.478,96917.8487663157,0,0
2021-04-15,292.584,96851.160997618,0,0
2021-04-16,289.833,96863.1658846512,0,0
2021-04-17,293.651,95015.4868287966,0,0
2021-04-18,303.21,95440.7034598291,0,0
2021-04-19,313.569,96760.5635606684,0,0
2021-04-20,318.917,97350.7131952792,0,0
2021-04-21,316.668,98883.9860834181,0,0
2021-04-22,310.213,95626.5896350145,0,0
2021-04-23,304.623,96850.0807369128,0,0
2021-04-24,305.199,93023.1340530328,0,0
2021-04-25,310.835,94085.038052965,0,0
2021-04-26,317.031,95121.8673719093,0,0
2021-04-27,318.133,95174.0535006858,0,0
2021-04-28,311.918,94246.1007618345,0,0
2021-04-29,300.933,97597.8968641721,0,0
2021-04-30,291.908,97552.2516998462,0,0
2021-05-01,144.703,95577.4294984527,1,0
2021-05-02,146.441,96874.2761271074,0,0
2021-05-03,149.033,95372.8052233346,0,0
2021-05-04,299.018,94390.8937543631,0,0
2021-05-05,293.148,97173.8026158884,0,0
2021-05-06,283.999,97303.2336913049,0,0
2021-05-07,277.316,96701.3831442222,0,0
2021-05-08,277.751,95785.7439451851,0,0
2021-05-09,285.077,94733.2291880623,1,0
2021-05-10,294.15,95442.3229943961,0,0
2021-05-11,299.153,97704.0260269307,0,0
2021-05-12,298.07,95476.8110489473,0,0
2021-05-13,292.941,96575.7926197723,0,0
2021-05-14,290.012,95446.8146963045,0,0
2021-05-15,293.433,96077.8028714471,0,0
2021-05-16,303.133,94943.8707794994,0,0
2021-05-17,313.7,97139.7657179274,0,0
2021-05-18,319.696,96853.2835607417,0,0
2021-05-19,318.136,98190.3813277371,0,0
2021-05-20,312.231,94845.0453362428,0,0
2021-05-21,307.253,93806.4734697342,0,0
2021-05-22,307.6,96699.2133078165,0,0
2021-05-23,313.745,96348.3851417899,0,0
2021-05-24,320.711,95494.9301031418,0,0
2021-05-25,322.332,97327.4570373818,0,0
2021-05-26,316.737,96035.647298675,0,0
2021-05-27,306.441,95037.4540871009,0,0
2021-05-28,297.338,96043.3716252446,0,0
2021-05-29,294.366,96892.3361440189,0,0
2021-05-30,297.811,95907.791185379,0,0
2021-05-31,302.692,96315.2196132578,0,0
2021-06-01,303.582,95027.2366803139,0,0
2021-06-02,297.588,96493.7510284595,0,0
2021-06-03,287.99,96214.6323806606,0,0
2021-06-04,280.467,97800.3460382111,0,0
2021-06-05,280.37,94220.2013202943,0,0
2021-06-06,286.447,98664.1863673925,0,0
2021-06-07,295.104,98907.1094207466,0,0
2021-06-08,300.1,98075.5049864762,0,0
2021-06-09,298.741,96401.6832763329,0,0
2021-06-10,293.778,92599.4624164887,0,0
2021-06-11,290.178,95023.8447205164,0,0
2021-06-12,293.249,96090.4403594323,1,0
2021-06-13,302.812,95489.8534609936,0,0
2021-06-14,313.847,95030.2679769695,0,0
2021-06-15,320.303,95058.0956177786,0,0
2021-06-16,319.233,97334.4378978014,0,0
2021-06-17,313.595,96572.3922196776,0,0
2021-06-18,308.848,97364.7538779303,0,0
2021-06-19,309.74,97877.127244696,0,0
2021-06-20,316.563,94863.0055581219,0,0
2021-06-21,324.024,95003.8345196284,0,0
2021-06-22,326.37,96523.0807894841,0,0
2021-06-23,321.426,95470.0362562202,0,0
2021-06-24,311.468,95090.369575005,0,0
2021-06-25,302.497,95865.2096453123,0,0
2021-06-26,299.392,97463.1560895592,0,0
2021-06-27,302.705,96731.8571715616,0,0
2021-06-28,307.783,94280.9944704175,0,0
2021-06-29,308.332,95958.9491633698,0,0
2021-06-30,30.224,97118.6518426053,0,1
2021-07-01,292.287,96853.1878727488,0,0
2021-07-02,284.292,96244.3031658418,0,0
2021-07-03,283.188,95559.1486287303,0,0
2021-07-04,288.794,97560.148540698,0,0
2021-07-05,297.106,95477.9499372467,0,0
2021-07-06,301.579,96637.8683339804,0,0
2021-07-07,299.751,97499.9910088256,0,0
2021-07-08,294.247,95650.758133363,0,0
2021-07-09,290.449,95672.8953386657,0,0
2021-07-10,293.152,96048.2367606834,0,0
2021-07-11,302.419,96382.0157974027,0,0
2021-07-12,313.633,95323.7903455272,0,0
2021-07-13,320.531,94348.8442662172,0,0
2021-07-14,320.048,95616.2242858671,0,0
2021-07-15,314.749,96492.3400546424,0,0
2021-07-16,310.286,97193.130461406,0,0
2021-07-17,311.656,95881.4197354019,0,0
2021-07-18,318.652,96008.8863126934,0,0
2021-07-19,326.733,96512.9505331628,0,0
2021-07-20,330.01,96032.4868334457,0,0
2021-07-21,325.79,94576.0068246163,0,0
2021-07-22,316.171,95787.0800756849,0,0
2021-07-23,307.412,96663.296113722,0,0
2021-07-24,304.454,96798.1062590145,0,0
2021-07-25,307.637,97005.0926590338,0,0
2021-07-26,312.62,95711.8534546345,0,0
2021-07-27,313.438,95405.2631595172,0,0
2021-07-28,307.295,96795.890873298,0,0
2021-07-29,297.026,96612.4318134971,0,0
2021-07-30,288.484,95581.6094193608,0,0
2021-07-31,286.545,95836.9920405559,0,0
2021-08-01,291.52,97066.4212076925,0,0
2021-08-02,299.369,94728.7182100117,0,0
2021-08-03,303.706,93488.4401742369,0,0
2021-08-04,301.163,98447.2428416833,0,0
2021-08-05,295.173,97228.3164222725,0,0
2021-08-06,291.118,94546.1538860574,0,0
2021-08-07,293.206,95999.1266592406,0,0
2021-08-08,302.26,95599.2369921878,0,0
2021-08-09,313.254,96729.9446437508,0,0
2021-08-10,320.366,96593.4126238339,0,0
2021-08-11,320.589,94526.8931699917,0,0
2021-08-12,315.372,98101.2078592554,0,0
2021-08-13,311.575,94970.915903803,0,0
2021-08-14,313.079,95237.293377053,0,0
2021-08-15,320.489,94992.1084877104,0,0
2021-08-16,328.954,97577.6330629364,0,0
2021-08-17,333.144,95520.3073341399,0,0
2021-08-18,329.365,97514.5510994829,0,0
2021-08-19,320.706,94333.1874798983,0,0
2021-08-20,312.246,94748.0525373481,0,0
2021-08-21,309.158,97774.5625993237,0,0
2021-08-22,312.516,96790.4932379723,0,0
2021-08-23,317.718,94488.1054281257,0,0
2021-08-24,318.394,97991.3561147638,0,0
2021-08-25,312.548,96533.7099254131,0,0
2021-08-26,302.046,96628.8935158402,0,0
2021-08-27,293.052,95300.2723876387,0,0
2021-08-28,290.338,96678.8552538492,0,0
2021-08-29,294.891,94962.3821153305,0,0
2021-08-30,301.931,95837.7469067462,0,0
2021-08-31,305.658,96789.2555816099,0,0
2021-09-01,302.935,100085.086619761,0,0
2021-09-02,296.743,95977.3421517573,0,0
2021-09-03,291.665,97954.5764331706,0,0
2021-09-04,293.582,95406.7580405623,0,0
2021-09-05,301.958,97814.4134941511,0,0
2021-09-06,312.958,97308.9071389288,0,0
2021-09-07,320.506,94358.3843519911,0,0
2021-09-08,320.763,95027.5737843476,0,0
2021-09-09,316.02,97021.7160458677,0,0
2021-09-10,312.194,96024.9024747871,0,0
2021-09-11,313.944,95750.6797390059,0,0
2021-09-12,321.795,94551.5836788341,0,0
2021-09-13,330.874,96802.5594704784,0,0
2021-09-14,335.734,96017.5917647779,0,0
2021-09-15,332.896,95845.6325362436,0,0
2021-09-16,324.439,96989.1944792122,0,0
2021-09-17,316.452,96342.1483939514,0,0
2021-09-18,313.783,96810.4346725158,0,0
2021-09-19,317.375,94915.740573965,0,0
2021-09-20,322.599,95371.4741295204,0,0
2021-09-21,323.642,97319.8603997938,0,0
2021-09-22,318.067,94495.4476784915,0,0
2021-09-23,307.433,95035.2141235955,0,0
2021-09-24,297.899,95379.5491528697,0,0
2021-09-25,294.446,97773.587112315,0,0
2021-09-26,298.332,97076.237940602,0,0
2021-09-27,305.076,95559.1398011893,0,0
2021-09-28,308.347,97667.4743605778,0,0
2021-09-29,305.644,96427.1027994342,0,0
2021-09-30,29.86,97027.7476068586,0,1
2021-10-01,293.104,96374.2608385161,0,0
2021-10-02,294.012,97249.4239782915,0,0
2021-10-03,302.311,94918.9669924788,0,0
2021-10-04,313.069,95116.2543008104,0,0
2021-10-05,320.347,95304.5607947744,0,0
2021-10-06,320.666,97721.9553657807,0,0
2021-10-07,316.425,96010.8428806998,0,0
2021-10-08,312.776,94725.435728766,0,0
2021-10-09,314.459,96281.0842915438,0,0
2021-10-10,322.473,96355.3468006663,0,0
2021-10-11,332.399,95190.9991230816,0,0
2021-10-12,337.96,94682.4341099709,0,0
2021-10-13,335.915,94219.4040914997,0,0
2021-10-14,327.994,96817.311738804,0,0
2021-10-15,320.388,96470.1977120712,0,0
2021-10-16,318.132,95229.5092832297,0,0
2021-10-17,321.657,96702.820806019,0,0
2021-10-18,327.311,95817.453051731,0,0
2021-10-19,328.908,95590.0887890719,0,0
2021-10-20,323.344,95653.9201747626,0,0
2021-10-21,312.842,94845.5675967969,0,0
2021-10-22,302.817,97443.0449005216,0,0
2021-10-23,299.094,97111.2462669611,0,0
2021-10-24,302.466,95981.804760173,0,0
2021-10-25,308.443,97602.9815197922,0,0
2021-10-26,311.674,96421.3872483931,0,0
2021-10-27,308.527,96233.0343483016,0,0
2021-10-28,300.747,99109.2318516225,0,0
2021-10-29,294.836,95902.8426634148,0,0
2021-10-30,295.292,94066.6195691563,0,0
2021-10-31,302.66,95512.2047864832,0,0
2021-11-01,313.237,94191.3371208124,0,0
2021-11-02,320.335,95831.3769395463,0,0
2021-11-03,320.985,95546.4252986945,0,0
2021-11-04,316.563,96617.3373038881,1,0
2021-11-05,312.703,98281.6316964105,0,0
2021-11-06,314.824,95476.5843610279,0,0
2021-11-07,322.932,97075.0910100527,0,0
2021-11-08,333.314,95643.5381883755,0,0
2021-11-09,339.439,96668.1884101592,0,0
2021-11-10,338.369,93889.663126599,0,0
2021-11-11,331.167,95916.1593840457,0,0
2021-11-12,324.003,95343.0662611499,0,0
2021-11-13,321.789,96867.288481351,0,0
2021-11-14,325.837,95830.8167793788,0,0
2021-11-15,331.673,97507.0363415405,0,0
2021-11-16,333.883,95638.8769363053,0,0
2021-11-17,328.626,96199.9151435681,0,0
2021-11-18,318.135,96575.1694245264,0,0
2021-11-19,308.067,97279.9148052931,0,0
2021-11-20,304.124,94987.3255457729,0,0
2021-11-21,306.769,96767.100910563,0,0
2021-11-22,312.656,94867.6347096451,0,0
2021-11-23,315.473,94926.8499050289,0,0
2021-11-24,311.692,98341.7025623843,0,0
2021-11-25,303.811,96871.6003907844,0,0
2021-11-26,296.887,96994.8696959764,0,0
2021-11-27,296.627,94730.7865797542,0,0
2021-11-28,303.565,93724.5890391991,0,0
2021-11-29,313.418,96026.6718205065,0,0
2021-11-30,320.508,96500.2882570028,0,0
2021-12-01,321.238,95050.3453904763,0,0
2021-12-02,316.888,95403.7056606263,0,0
2021-12-03,313.099,95183.8074607775,0,0
2021-12-04,314.847,96178.6854500882,0,0
2021-12-05,323.233,95464.6680914797,0,0
2021-12-06,333.9,95591.0033328459,0,0
2021-12-07,340.593,97319.0097214654,0,0
2021-12-08,340.194,95422.8814065456,0,0
2021-12-09,333.733,96104.0425383486,0,0
2021-12-10,326.904,96884.0828242712,0,0
2021-12-11,325.007,98963.1370941177,0,0
2021-12-12,329.417,97610.8414372429,0,0
2021-12-13,335.974,96245.6541418098,0,0
2021-12-14,338.592,95981.4722941257,0,0
2021-12-15,333.881,96242.7003891207,0,0
2021-12-16,323.63,96252.7741818689,0,0
2021-12-17,313.348,98240.4334504157,0,0
2021-12-18,309.124,95272.4312315695,0,0
2021-12-19,311.381,96964.8266800679,0,0
2021-12-20,316.942,95485.6704263948,0,0
2021-12-21,319.529,95324.4323939085,0,0
2021-12-22,315.537,97374.4374273345,0,0
2021-12-23,307.279,95042.7380206063,0,0
2021-12-24,299.475,97699.6578156017,0,0
2021-12-25,298.446,95220.1525556855,0,0
2021-12-26,304.561,95860.7257490978,0,0
2021-12-27,314.165,95451.1466125026,0,0
2021-12-28,321.04,95980.8942744508,0,0
2021-12-29,321.515,96461.4600987174,0,0
2021-12-30,317.22,94777.0819087513,0,0
2021-12-31,219.11,97345.4510172829,0,0
